City,Country,Lat,Lng,Max Temp,Humidity,Cloudiness,Wind Speed,Current Description
Khatanga,RU,71.9667,102.5,37.24,91,100,10.8,overcast clouds
Dingle,PH,10.9995,122.6711,78.78,87,87,2.17,light rain
Mataura,NZ,-46.1927,168.8643,49.48,99,100,0.83,light rain
Lebu,CL,-37.6167,-73.65,55.31,82,100,8.34,overcast clouds
Boguchany,RU,58.3814,97.4531,37.51,97,100,10.94,light rain
Leningradskiy,RU,69.3833,178.4167,27.7,95,16,9.93,few clouds
Smithers,CA,54.7804,-127.1743,46.72,76,75,2.3,broken clouds
Tiksi,RU,71.6872,128.8694,32.61,97,100,13.71,overcast clouds
Rudiskes,LT,54.5167,24.8333,56.21,88,75,3.22,broken clouds
Georgetown,MY,5.4112,100.3354,82.35,88,20,1.99,few clouds
Manggar,ID,-2.8833,108.2667,81.95,77,68,4.12,broken clouds
Euclides+Da+Cunha,BR,-10.5075,-39.0158,85.96,28,8,8.34,clear sky
Cap+Malheureux,MU,-19.9842,57.6142,73.89,78,19,3.0,few clouds
Port+Elizabeth,ZA,-33.918,25.5701,66.49,59,0,21.85,clear sky
Salinopolis,BR,-0.6136,-47.3561,84.94,64,17,8.63,few clouds
Kaitangata,NZ,-46.2817,169.8464,50.94,78,100,6.22,moderate rain
Diffa,NE,13.3154,12.6113,99.18,11,100,13.69,overcast clouds
Rikitea,PF,-23.1203,-134.9692,73.96,71,69,17.11,broken clouds
Santa+Fe,AR,-31.6333,-60.7,74.75,52,55,5.01,broken clouds
Busselton,AU,-33.65,115.3333,60.08,90,100,17.38,overcast clouds
Kapaa,US,22.0752,-159.319,75.52,83,40,9.33,light rain
Lompoc,US,34.6391,-120.4579,64.13,93,90,12.12,overcast clouds
Barrow,US,71.2906,-156.7887,30.22,80,90,10.36,overcast clouds
Cape+Town,ZA,-33.9258,18.4232,63.1,82,40,1.99,light rain
Shizuishan,CN,39.2333,106.7694,73.36,14,63,10.67,broken clouds
Bluff,NZ,-46.6,168.3333,49.8,74,100,14.14,moderate rain
Yellowknife,CA,62.456,-114.3525,52.32,53,40,4.0,scattered clouds
Punta+Arenas,CL,-53.15,-70.9167,35.62,75,40,19.66,scattered clouds
Qaanaaq,GL,77.484,-69.3632,40.15,91,93,5.06,overcast clouds
Hambantota,LK,6.1241,81.1185,81.05,80,100,18.99,overcast clouds
Chuy,UY,-33.6971,-53.4616,62.96,73,53,6.42,moderate rain
Kavaratti,IN,10.5669,72.642,83.71,75,16,16.89,few clouds
Ushuaia,AR,-54.8,-68.3,31.66,100,75,25.32,broken clouds
Mar+Del+Plata,AR,-38.0023,-57.5575,65.08,44,0,8.01,clear sky
Bahia+Blanca,AR,-38.7196,-62.2724,61.38,45,37,20.31,scattered clouds
East+London,ZA,-33.0153,27.9116,63.54,67,0,6.91,clear sky
Saint+Anthony,US,45.0205,-93.218,54.25,51,1,1.99,clear sky
Thompson,CA,55.7435,-97.8558,57.36,30,75,16.11,broken clouds
Avarua,CK,-21.2078,-159.775,69.85,100,100,2.3,overcast clouds
Hay+River,CA,60.8156,-115.7999,44.58,65,20,5.75,few clouds
Hofn,IS,64.2539,-15.2082,48.22,93,90,18.41,overcast clouds
Bredasdorp,ZA,-34.5322,20.0403,62.28,88,7,14.2,clear sky
Saint-Joseph,RE,-21.3667,55.6167,70.18,75,23,2.26,few clouds
Fukue,JP,32.6881,128.8419,65.12,72,86,18.9,overcast clouds
Mitsamiouli,KM,-11.3847,43.2844,77.86,66,6,4.92,clear sky
Butaritari,KI,3.0707,172.7902,81.64,81,95,12.88,light rain
Aklavik,CA,68.2191,-135.0107,29.12,86,90,10.36,overcast clouds
Deputatskiy,RU,69.3,139.9,40.87,66,12,6.73,few clouds
Hobart,AU,-42.8794,147.3294,48.06,73,90,1.01,overcast clouds
Dikson,RU,73.5069,80.5464,23.29,93,100,3.62,overcast clouds
Arman,RU,59.7,150.1667,38.86,96,100,4.74,light rain
Albany,US,42.6001,-73.9662,58.89,52,100,5.06,overcast clouds
Tautira,PF,-17.7333,-149.15,73.42,72,48,2.17,scattered clouds
Puerto+Penasco,MX,31.3167,-113.5333,80.58,65,1,5.01,clear sky
Bassano,CA,50.7834,-112.4685,60.19,31,66,12.46,broken clouds
Carnarvon,AU,-24.8667,113.6333,69.87,100,90,9.22,light rain
Pisco,PE,-13.7,-76.2167,66.02,94,90,5.75,overcast clouds
Bethel,US,41.3712,-73.414,67.19,49,75,8.05,broken clouds
Sao+Raimundo+Nonato,BR,-9.0153,-42.6994,94.06,18,16,9.24,few clouds
Saint-Pierre,RE,-21.3393,55.4781,71.28,81,20,6.91,few clouds
Atuona,PF,-9.8,-139.0333,79.77,74,17,15.46,few clouds
Tasiilaq,GL,65.6145,-37.6368,41.16,96,100,12.5,moderate rain
Mayo,US,38.8876,-76.5119,77.11,68,20,8.01,few clouds
Moses+Lake,US,47.1301,-119.2781,61.61,39,1,13.8,clear sky
Saint-Philippe,RE,-21.3585,55.7679,71.19,74,45,3.58,scattered clouds
Tomohon,ID,1.3346,124.8392,68.94,95,55,2.77,broken clouds
Soc+Trang,VN,9.6033,105.98,78.76,85,18,5.17,few clouds
Fortuna,US,40.5982,-124.1573,60.66,95,90,4.61,overcast clouds
Ilulissat,GL,69.2167,-51.1,48.22,40,20,5.75,few clouds
Segezha,RU,63.7415,34.3222,45.19,79,93,5.95,overcast clouds
Carnduff,CA,49.1667,-101.8009,57.38,53,60,20.98,broken clouds
Caravelas,BR,-17.7125,-39.2481,82.04,59,13,8.57,few clouds
Uwajima,JP,33.2238,132.56,67.95,87,100,2.37,overcast clouds
Laguna,US,38.421,-121.4238,79.61,63,1,1.99,clear sky
Hamilton,US,39.1834,-84.5333,71.04,93,90,10.33,overcast clouds
Lorengau,PG,-2.0226,147.2712,80.67,81,82,6.46,broken clouds
Ribeira+Grande,PT,38.5167,-28.7,66.6,63,40,11.5,scattered clouds
Jutai,BR,-5.1833,-68.9,92.32,46,80,2.06,broken clouds
Vaini,TO,-21.2,-175.2,64.56,100,75,2.3,broken clouds
Kalabo,ZM,-14.97,22.6814,65.23,29,0,3.38,clear sky
Orotukan,RU,62.2667,151.7,35.58,91,100,6.2,overcast clouds
La+Ronge,CA,55.1001,-105.2842,53.85,58,90,11.5,overcast clouds
Clyde+River,CA,70.4692,-68.5914,30.43,86,20,2.3,few clouds
Cherskiy,RU,68.75,161.3,44.38,55,80,13.27,broken clouds
Souillac,MU,-20.5167,57.5167,73.78,88,20,6.69,few clouds
Asau,RO,46.4333,26.4,58.28,100,100,4.16,light rain
Makakilo+City,US,21.3469,-158.0858,73.72,77,1,4.61,clear sky
Rio+Gallegos,AR,-51.6226,-69.2181,37.45,60,40,25.32,scattered clouds
Linxia,CN,35.6003,103.2064,57.45,64,100,6.82,overcast clouds
Nikolskoye,RU,59.7035,30.7861,57.09,69,64,8.03,broken clouds
Napoleon,US,41.3923,-84.1252,52.57,93,100,20.65,light rain
Brownsville,US,25.9018,-97.4975,90.91,64,75,5.01,broken clouds
Bonavista,CA,48.6499,-53.1147,53.6,57,47,7.29,scattered clouds
Teknaf,BD,20.8624,92.3058,81.77,85,8,2.13,clear sky
Flinders,AU,-34.5833,150.8552,53.19,59,82,7.0,broken clouds
Ailigandi,PA,9.2333,-78.0167,79.0,86,100,4.5,overcast clouds
Anchorage,US,61.2181,-149.9003,49.21,76,90,4.0,light rain
Kerema,PG,-7.9631,145.7785,77.79,83,93,14.94,overcast clouds
Mapiri,BO,-15.25,-68.1667,82.85,53,89,1.74,overcast clouds
Saravan,AM,39.7196,45.6483,70.45,57,74,6.55,broken clouds
Phuthaditjhaba,ZA,-28.5242,28.8158,51.75,39,3,5.23,clear sky
Marienburg,PL,54.0359,19.0266,55.89,81,87,6.35,overcast clouds
Eyl,SO,7.9803,49.8164,81.23,76,55,19.93,broken clouds
Jiexiu,CN,37.0244,111.9125,68.38,25,83,8.57,broken clouds
Kattivakkam,IN,13.2167,80.3167,87.08,86,99,16.69,overcast clouds
Nova+Vicosa,BR,-17.8919,-39.3719,81.0,65,17,8.97,few clouds
Gushikawa,JP,26.3544,127.8686,77.0,90,75,11.12,broken clouds
Kieta,PG,-6.2167,155.6333,76.17,93,100,0.51,moderate rain
Neuquen,AR,-38.9516,-68.0591,62.49,36,0,16.11,clear sky
Chulym,RU,55.0997,80.9572,48.96,64,62,6.11,broken clouds
Hailar,CN,49.2,119.7,44.65,63,28,3.94,scattered clouds
New+Norfolk,AU,-42.7826,147.0587,47.7,66,19,1.01,few clouds
Provideniya,RU,64.3833,-173.3,40.3,55,4,10.89,clear sky
Lavrentiya,RU,65.5833,-171.0,28.44,88,8,10.98,clear sky
Capanema,BR,-1.1958,-47.1808,88.95,56,36,1.21,scattered clouds
Salt,JO,32.0392,35.7272,81.16,38,0,7.05,clear sky
San+Vicente,AR,-26.6167,-54.1333,78.96,53,51,8.95,broken clouds
Bolu,TR,40.6667,31.5833,60.15,88,84,2.89,moderate rain
Bakchar,RU,57.0186,82.0711,41.38,54,98,4.74,overcast clouds
Bucerias,MX,20.75,-105.3333,88.25,44,56,5.06,broken clouds
Puerto+Ayora,EC,-0.7393,-90.3518,76.96,88,85,7.0,overcast clouds
Ust-Kuyga,RU,70.0167,135.6,41.38,82,57,11.12,broken clouds
Muravlenko,RU,63.7898,74.523,40.51,49,59,4.7,broken clouds
Mbeya,TZ,-8.9,33.45,56.79,89,36,4.83,scattered clouds
Praia+Da+Vitoria,PT,38.7333,-27.0667,66.76,59,20,5.46,few clouds
Tuktoyaktuk,CA,69.4541,-133.0374,24.8,93,75,9.22,broken clouds
Talnakh,RU,69.4865,88.3972,27.93,91,95,6.76,overcast clouds
Hermanus,ZA,-34.4187,19.2345,62.8,87,24,16.58,few clouds
Arcos,BR,-20.2819,-45.5394,86.0,36,40,9.04,scattered clouds
Saskylakh,RU,71.9167,114.0833,33.04,88,29,6.31,scattered clouds
Skibbereen,IE,51.55,-9.2667,60.6,73,21,5.61,few clouds
Filadelfia,US,39.9523,-75.1638,70.56,58,75,7.0,broken clouds
Komsomolskiy,UZ,40.4272,71.7189,81.32,32,1,6.91,clear sky
Port+Hardy,CA,50.6996,-127.4199,50.18,81,90,3.44,overcast clouds
Provost,CA,52.3501,-110.2683,66.65,39,9,13.0,clear sky
Aykhal,RU,66.0,111.5,47.41,72,99,14.45,overcast clouds
Sakiai,LT,54.9547,23.0358,57.45,85,94,2.33,overcast clouds
Kropotkin,RU,45.4375,40.5756,69.1,77,6,6.24,clear sky
Noumea,NC,-22.2763,166.4572,69.01,99,98,8.19,overcast clouds
Tamandare,BR,-8.7597,-35.1047,81.72,65,52,11.99,broken clouds
Los+Ranchos+De+Albuquerque,US,35.162,-106.6428,81.32,31,20,1.99,few clouds
Zyryanka,RU,65.75,150.85,43.88,58,37,9.35,scattered clouds
Sungairaya,ID,0.7,108.9,78.55,88,100,2.01,overcast clouds
Te+Anau,NZ,-45.4167,167.7167,39.2,98,100,4.5,overcast clouds
Port+Alfred,ZA,-33.5906,26.891,64.08,74,0,18.77,clear sky
Dongsheng,CN,39.8161,109.9776,68.27,18,7,23.2,clear sky
Hasaki,JP,35.7333,140.8333,68.29,84,100,22.77,overcast clouds
Mahibadhoo,MV,3.7833,72.9667,83.53,74,95,20.13,overcast clouds
San+Cristobal,VE,7.7669,-72.225,78.98,52,24,7.72,few clouds
La+Paz,BO,-16.5,-68.15,60.78,33,20,18.41,few clouds
Kungurtug,RU,50.5994,97.5228,39.0,92,36,2.1,scattered clouds
Kavieng,PG,-2.5744,150.7967,81.23,80,97,7.18,overcast clouds
Saint-Louis,SN,16.3333,-15.0,107.24,10,5,12.08,clear sky
Pitimbu,BR,-7.4706,-34.8086,81.19,80,87,17.81,overcast clouds
Krasnoselkup,RU,65.7,82.4667,31.12,75,97,21.27,overcast clouds
La+Primavera,CO,5.4906,-70.4092,82.74,72,58,6.04,broken clouds
Sembe,CG,1.6481,14.5806,77.52,83,100,2.28,overcast clouds
Tubuala,PA,9.5167,-79.0333,89.33,81,100,5.5,overcast clouds
Kodiak,US,57.79,-152.4072,47.71,87,90,5.75,overcast clouds
Victoria,HK,22.2855,114.1577,87.33,82,63,1.01,broken clouds
Lagoa,PT,39.05,-27.9833,61.41,71,93,10.74,overcast clouds
Sechura,PE,-5.5569,-80.8222,76.21,68,92,11.07,overcast clouds
Bengkulu,ID,-3.8004,102.2655,75.4,92,100,3.87,moderate rain
Ridgecrest,US,35.6225,-117.6709,83.64,17,1,1.01,clear sky
Ntungamo,UG,-0.8833,29.65,66.88,87,66,3.31,light rain
Salalah,OM,17.0151,54.0924,86.09,84,20,5.75,few clouds
Barao+De+Melgaco,BR,-16.1944,-55.9675,95.52,24,100,11.41,overcast clouds
Galle,LK,6.0367,80.217,81.19,85,100,13.96,overcast clouds
Bereznik,RU,62.8551,42.7072,47.52,94,86,8.28,overcast clouds
Hami,CN,42.8,93.45,80.67,22,15,6.29,few clouds
Esperance,AU,-33.8667,121.9,60.64,47,99,16.8,moderate rain
Kasangulu,CD,-4.5911,15.1708,90.54,57,15,2.75,few clouds
Port+Augusta,AU,-32.5,137.7667,53.74,66,100,4.74,overcast clouds
Vilhena,BR,-12.7406,-60.1458,86.22,48,0,13.8,clear sky
Kousseri,CM,12.0769,15.0306,100.36,25,40,16.11,scattered clouds
Port+Blair,IN,11.6667,92.75,82.08,83,100,5.97,overcast clouds
San+Patricio,US,28.017,-97.5169,88.52,68,81,10.58,broken clouds
Ostrovnoy,RU,68.0531,39.5131,37.18,71,85,18.39,overcast clouds
Mercedes,AR,-34.6515,-59.4307,69.85,42,100,12.3,overcast clouds
Mackay,AU,-21.15,149.2,59.04,76,1,4.61,clear sky
Byron+Bay,AU,-28.65,153.6167,57.15,72,45,16.64,scattered clouds
Hilo,US,19.7297,-155.09,74.28,84,90,6.91,overcast clouds
Lethem,GY,3.3803,-59.7968,83.23,71,97,2.89,overcast clouds
Nanortalik,GL,60.1432,-45.2371,41.0,76,23,10.27,few clouds
Kruisfontein,ZA,-34.0033,24.7314,63.88,73,0,13.11,clear sky
Scarborough,GB,54.2797,-0.4044,64.22,83,92,1.99,overcast clouds
Vestmannaeyjar,IS,63.4427,-20.2734,49.19,87,90,46.04,overcast clouds
Shanghai,CN,31.2222,121.4581,72.93,52,40,4.85,light rain
Mogadishu,SO,2.0371,45.3438,79.11,80,91,10.74,overcast clouds
Sur,OM,22.5667,59.5289,88.29,43,0,9.84,clear sky
Alta+Floresta,BR,-9.8756,-56.0861,86.61,46,98,2.28,overcast clouds
Arraial+Do+Cabo,BR,-22.9661,-42.0278,85.96,65,0,14.97,clear sky
Olavarria,AR,-36.8927,-60.3225,59.77,51,25,15.01,scattered clouds
Jamestown,US,42.097,-79.2353,50.29,96,90,5.99,moderate rain
North+Bend,US,43.4065,-124.2243,61.16,74,1,10.36,clear sky
Mahanje,TZ,-9.9333,35.3333,60.3,75,7,2.53,clear sky
Barra+Do+Garcas,BR,-15.89,-52.2567,93.56,31,80,10.36,broken clouds
Sunnyside,US,46.3237,-120.0087,64.0,45,1,4.61,clear sky
London,GB,51.5085,-0.1257,67.3,70,100,4.65,light rain
Luderitz,NA,-26.6481,15.1594,63.23,61,67,15.52,broken clouds
Saint+George,US,37.1041,-113.5841,90.07,15,1,1.99,clear sky
Sao+Felix+Do+Xingu,BR,-6.6447,-51.995,91.26,36,37,3.62,scattered clouds
Olafsvik,IS,64.8945,-23.7142,51.39,73,100,27.72,moderate rain
College,US,64.8569,-147.8028,43.0,54,20,18.41,few clouds
Bambous+Virieux,MU,-20.3428,57.7575,73.65,88,20,8.75,few clouds
Barberton,ZA,-25.7884,31.0532,71.65,24,2,6.08,clear sky
Jammalamadugu,IN,14.8333,78.4,94.73,33,11,14.03,few clouds
Jaguaquara,BR,-13.5306,-39.9708,81.32,39,6,7.99,clear sky
Jizan,SA,17.3333,42.6667,92.34,38,29,5.14,scattered clouds
Osmaniye,TR,37.0742,36.2478,72.52,86,55,5.84,broken clouds
Katsuura,JP,35.1333,140.3,70.2,86,100,21.79,moderate rain
Ulladulla,AU,-35.35,150.4667,51.1,59,88,14.03,overcast clouds
Chokurdakh,RU,70.6333,147.9167,44.37,61,30,12.12,scattered clouds
Nouadhibou,MR,20.931,-17.0347,73.38,64,74,20.71,broken clouds
Paamiut,GL,61.994,-49.6678,41.88,72,89,2.59,overcast clouds
Nogliki,RU,51.8333,143.1667,38.91,88,96,3.24,overcast clouds
Champerico,GT,14.3,-91.9167,90.77,63,81,4.38,broken clouds
Bilibino,RU,68.0546,166.4372,35.47,75,36,2.08,scattered clouds
Maragogi,BR,-9.0122,-35.2225,80.94,66,53,11.9,broken clouds
Kahului,US,20.8947,-156.47,76.84,84,20,12.66,few clouds
Hithadhoo,MV,-0.6,73.0833,82.94,73,96,16.44,overcast clouds
Tanout,NE,14.9709,8.8879,98.1,6,100,14.43,overcast clouds
Jalu,LY,29.0331,21.5482,97.52,13,0,10.02,clear sky
Gobabis,NA,-22.45,18.9667,63.82,23,16,8.43,few clouds
Labuhan,ID,-6.8844,112.2051,79.21,86,96,8.3,overcast clouds
Upernavik,GL,72.7868,-56.1549,36.12,86,6,3.83,clear sky
Salta,AR,-24.7859,-65.4117,84.79,20,0,8.99,clear sky
Khandbari,NP,27.3747,87.2039,69.51,91,100,2.57,overcast clouds
Maniitsoq,GL,65.4167,-52.9,39.99,82,15,14.65,few clouds
Nanchang,CN,28.6833,115.8833,66.49,81,100,4.0,overcast clouds
Kabalo,CD,-6.05,26.9167,78.31,47,81,3.51,broken clouds
Ishurdi,BD,24.1333,89.0833,82.81,81,69,3.4,broken clouds
Camopi,GF,3.1655,-52.3158,74.48,94,100,1.52,overcast clouds
Saint-Georges,GD,12.0564,-61.7485,82.44,65,26,14.18,scattered clouds
San+Lawrenz,MT,36.0553,14.204,72.86,61,43,5.01,scattered clouds
Manavalakurichi,IN,8.1333,77.3,80.69,84,100,16.51,overcast clouds
Havre,FR,49.5833,0.3333,68.58,55,0,8.99,clear sky
Ajdabiya,LY,30.7554,20.2263,86.32,24,10,9.93,clear sky
Zelenoborsk,RU,61.4669,64.0333,49.66,70,75,3.62,broken clouds
South+Sioux+City,US,42.4739,-96.4136,49.28,71,90,4.0,overcast clouds
Kalianget,ID,-7.05,113.9333,82.2,77,86,11.43,overcast clouds
Barcelos,PT,41.5388,-8.6151,80.28,61,17,9.73,few clouds
Presidencia+Roque+Saenz+Pena,AR,-26.7852,-60.4388,83.91,43,80,8.97,broken clouds
Isangel,VU,-19.55,169.2667,70.09,79,56,5.17,broken clouds
Beauchamps,FR,50.012,1.5176,69.62,66,92,5.28,overcast clouds
Sawakin,SD,19.1059,37.3321,88.05,67,21,2.04,few clouds
Newton,US,42.337,-71.2092,64.42,52,1,1.01,clear sky
El+Carmen,CO,8.5106,-73.4478,78.76,75,98,1.32,overcast clouds
Tuatapere,NZ,-46.1333,167.6833,49.82,86,100,3.13,light rain
Searcy,US,35.2506,-91.7363,76.14,75,75,4.0,broken clouds
Yambio,SS,4.5721,28.3955,76.12,75,62,1.68,broken clouds
Oranjemund,NA,-28.55,16.4333,59.7,78,8,9.06,clear sky
Waipawa,NZ,-41.4122,175.5153,50.94,86,73,3.06,broken clouds
Saryozek,KZ,44.3583,77.9753,64.45,64,100,4.59,overcast clouds
Alice+Springs,AU,-23.7,133.8833,44.15,65,90,7.63,overcast clouds
Nueve+De+Julio,AR,-35.4444,-60.8831,67.71,44,71,16.33,broken clouds
Nago,JP,26.5881,127.9761,77.85,90,100,8.72,overcast clouds
Muros,ES,42.7762,-9.0603,79.68,63,28,14.67,scattered clouds
Grand+Gaube,MU,-20.0064,57.6608,73.8,78,14,3.0,few clouds
Uravakonda,IN,14.95,77.2667,84.88,54,10,19.3,clear sky
Vila+Velha,BR,-20.3297,-40.2925,85.96,62,20,10.0,few clouds
Sosnovo-Ozerskoye,RU,52.5249,111.5418,43.03,69,3,4.29,clear sky
Yarada,IN,17.65,83.2667,88.12,84,40,9.91,scattered clouds
Faanui,PF,-16.4833,-151.75,79.95,68,62,4.59,broken clouds
Pokhara,NP,28.2333,83.9833,68.58,93,100,1.61,overcast clouds
Severo-Kurilsk,RU,50.6789,156.125,38.34,93,83,8.79,broken clouds
San+Juan,AR,-31.5375,-68.5364,71.73,25,28,16.28,scattered clouds
Tena,EC,-0.9833,-77.8167,84.96,54,25,4.7,scattered clouds
Mahebourg,MU,-20.4081,57.7,73.69,88,20,1.14,few clouds
Itaueira,BR,-7.6033,-43.0256,94.15,26,49,6.26,scattered clouds
Necochea,AR,-38.5473,-58.7368,60.04,51,2,22.28,clear sky
Angoche,MZ,-16.2325,39.9086,72.79,71,19,5.64,few clouds
Altay,CN,47.8667,88.1167,61.11,40,0,5.57,clear sky
Dzerzhinsk,RU,56.2389,43.4631,66.02,88,40,3.09,scattered clouds
Wilmington,US,34.2257,-77.9447,94.98,44,1,13.8,clear sky
Touros,BR,-5.1989,-35.4608,86.9,66,27,16.37,scattered clouds
Vershino-Darasunskiy,RU,52.35,115.5167,40.42,67,30,3.29,scattered clouds
Auki,SB,-8.7676,160.7034,75.94,88,99,3.04,overcast clouds
Teocaltiche,MX,21.4333,-102.5833,74.71,21,7,6.15,clear sky
Aras,ES,42.5617,-2.356,79.21,36,20,3.15,few clouds
Tateyama,JP,34.9833,139.8667,70.99,86,100,24.65,heavy intensity rain
Palmer,US,42.1584,-72.3287,63.68,43,90,1.01,overcast clouds
Khasan,RU,42.4308,130.6434,50.13,96,100,5.41,overcast clouds
Plettenberg+Bay,ZA,-34.0527,23.3716,61.16,76,1,10.78,light rain
Ushtobe,KZ,45.2514,77.9838,68.76,62,92,5.32,light rain
Durazno,UY,-33.4131,-56.5006,64.35,72,0,6.91,clear sky
Teapa,MX,17.55,-92.95,90.63,56,64,3.89,broken clouds
Jinxiang,CN,27.4327,120.6062,72.88,86,100,3.96,light rain
Loei,TH,17.4167,101.5,67.78,92,92,2.51,overcast clouds
Ginir,ET,7.1333,40.7,56.35,95,91,4.43,overcast clouds
Niono,ML,14.2526,-5.993,105.78,15,100,4.59,overcast clouds
Zorgo,BF,12.2489,-0.6158,95.99,29,80,10.29,broken clouds
Hurghada,EG,27.2574,33.8129,95.04,17,0,13.8,clear sky
Port-Cartier,CA,50.0334,-66.8654,43.93,34,97,19.48,overcast clouds
Havre-Saint-Pierre,CA,50.2334,-63.5986,44.96,49,75,24.16,broken clouds
Sitka,US,57.0531,-135.33,46.29,87,90,5.75,light rain
Tutoia,BR,-2.7619,-42.2744,89.58,57,21,6.15,few clouds
Port+Macquarie,AU,-31.4333,152.9167,53.56,67,100,20.76,overcast clouds
Uchiza,PE,-8.4592,-76.4633,85.32,55,12,3.27,few clouds
Tura,IN,25.5198,90.2201,73.83,92,25,1.54,scattered clouds
Amga,RU,60.8953,131.9608,45.0,82,96,2.15,overcast clouds
Cabo+San+Lucas,MX,22.8909,-109.9124,95.81,54,20,5.66,few clouds
Sola,VU,-13.8833,167.55,77.27,65,98,11.18,overcast clouds
Ilebo,CD,-4.3167,20.5833,79.27,52,91,1.32,overcast clouds
Manta,EC,-0.95,-80.7333,78.58,73,75,6.91,broken clouds
Elizabeth+City,US,36.2946,-76.2511,93.02,52,1,1.99,clear sky
Komsomolets,KZ,53.7453,62.0708,65.08,36,0,7.29,clear sky
Yarega,RU,63.4354,53.5765,51.35,61,89,9.82,overcast clouds
Gwadar,PK,25.1216,62.3254,88.0,66,0,15.21,clear sky
Puerto+Ayacucho,VE,5.6639,-67.6236,85.6,68,86,3.89,overcast clouds
State+College,US,40.7934,-77.86,64.4,65,40,1.99,scattered clouds
Derzhavinsk,KZ,51.1,66.3167,64.67,38,4,10.36,clear sky
Mount+Gambier,AU,-37.8333,140.7667,39.11,93,40,0.0,scattered clouds
Poya,NC,-21.35,165.15,65.59,84,27,3.78,scattered clouds
Malartic,CA,48.1335,-78.1328,48.02,42,1,6.6,clear sky
Sao+Filipe,CV,14.8961,-24.4956,73.11,78,6,11.65,clear sky
Beloha,MG,-25.1667,45.05,65.98,80,0,5.61,clear sky
Salamiyah,SY,35.0113,37.0532,74.07,40,6,10.65,clear sky
Banyo,CM,6.75,11.8167,73.74,76,28,3.76,light rain
Mahanoro,MG,-19.9,48.8,69.91,84,0,5.37,clear sky
Vardo,NO,70.3705,31.1107,35.8,86,75,26.46,light rain
Banda+Aceh,ID,5.5577,95.3222,79.27,84,99,13.42,overcast clouds
Ponta+Do+Sol,PT,32.6667,-17.1,75.0,72,49,2.68,scattered clouds
Norman+Wells,CA,65.282,-126.8329,35.64,93,90,17.27,light rain
Kovernino,RU,57.1253,43.8142,60.04,96,99,4.56,light rain
Margate,GB,51.3813,1.3862,58.87,66,100,3.0,overcast clouds
Irara,BR,-12.05,-38.7667,86.09,36,38,9.44,scattered clouds
Malinyi,TZ,-8.9333,36.1333,68.54,78,39,2.98,scattered clouds
Muscat,OM,23.6139,58.5922,88.99,58,0,5.48,clear sky
Sobolevo,RU,54.4299,31.8996,60.98,82,99,7.0,light rain
North+Ogden,US,41.3072,-111.9602,76.77,32,1,4.0,clear sky
Lazarev,RU,52.225,141.5131,37.13,88,100,9.19,overcast clouds
Meulaboh,ID,4.1363,96.1285,75.61,96,100,2.26,overcast clouds
Snyder,US,32.7179,-100.9176,70.09,100,90,13.8,overcast clouds
Adamas,GR,36.7333,24.4333,72.82,69,34,5.39,scattered clouds
Vila+Franca+Do+Campo,PT,37.7167,-25.4333,66.61,59,98,3.8,overcast clouds
Puerto+Carreno,CO,6.189,-67.4859,86.68,63,100,5.35,overcast clouds
Maumere,ID,-8.6199,122.2111,77.54,78,8,3.62,clear sky
Pangnirtung,CA,66.1451,-65.7125,32.0,80,90,13.8,overcast clouds
Castro,BR,-24.7911,-50.0119,70.97,65,99,12.1,overcast clouds
Lloydminster,CA,53.2835,-110.0016,58.68,51,75,26.46,broken clouds
Partenit,UA,44.578,34.3446,68.22,83,60,1.52,broken clouds
Ust-Nera,RU,64.5667,143.2,43.52,72,94,5.57,light rain
Seoul,KR,37.5683,126.9778,61.99,75,0,9.28,clear sky
Polunochnoye,RU,60.8697,60.4153,51.13,58,68,2.33,broken clouds
Ngunguru,NZ,-35.6167,174.5,56.16,85,72,24.27,light rain
Malanje,AO,-9.5402,16.341,68.02,48,29,3.44,scattered clouds
Pabna,BD,24.0,89.25,82.92,80,40,5.5,scattered clouds
Montecristi,EC,-1.05,-80.6667,76.82,73,75,7.16,broken clouds
Huarmey,PE,-10.0681,-78.1522,71.62,78,64,10.2,broken clouds
Pemangkat,ID,1.1667,108.9667,78.46,88,100,4.41,overcast clouds
Vostok,RU,46.4856,135.8833,40.96,95,100,3.36,overcast clouds
Aksu,CN,41.1231,80.2644,81.55,14,32,4.79,scattered clouds
Udachnyy,RU,66.4167,112.4,50.9,61,99,14.41,overcast clouds
Vung+Tau,VN,10.346,107.0843,83.32,77,42,8.77,scattered clouds
Smidovich,RU,48.6,133.8167,51.06,83,66,4.56,broken clouds
Alofi,NU,-19.0595,-169.9187,73.29,94,100,2.3,overcast clouds
Bairiki,KI,1.3292,172.9752,80.6,89,75,12.48,light rain
Opuwo,NA,-18.0607,13.84,69.94,24,0,8.72,clear sky
Port+Hedland,AU,-20.3167,118.5667,73.45,53,88,6.91,overcast clouds
Benguela,AO,-12.5763,13.4055,77.94,64,4,4.38,clear sky
Akita,JP,39.7167,140.1167,61.95,74,100,21.14,overcast clouds
Mount+Isa,AU,-20.7333,139.5,64.17,20,28,11.5,scattered clouds
Aushiger,RU,43.3961,43.7317,70.18,56,79,3.83,broken clouds
Alice,US,27.7523,-98.0697,87.55,72,90,6.91,overcast clouds
Guhagar,IN,17.4842,73.1929,84.52,74,100,3.49,overcast clouds
Novyye+Lyady,RU,58.0536,56.6039,63.64,87,98,4.16,overcast clouds
Blagoveshchensk,RU,50.2667,127.5333,47.01,87,40,2.95,scattered clouds
North+Platte,US,41.1239,-100.7654,52.02,71,90,1.99,overcast clouds
Kasama,ZM,-10.2129,31.1808,61.12,44,0,2.51,clear sky
Bouna,CI,9.2667,-3.0,89.2,43,85,6.08,overcast clouds
Kulhudhuffushi,MV,6.6221,73.07,83.8,74,4,21.68,clear sky
Tome,CL,-36.6167,-72.95,54.21,77,99,6.38,overcast clouds
Kimbe,PG,-5.5502,150.1429,75.09,88,100,6.17,overcast clouds
Fort+Saint+James,CA,54.4333,-124.25,52.05,57,51,9.64,broken clouds
Geraldton,AU,-28.7667,114.6,65.12,100,90,14.9,overcast clouds
Nadym,RU,65.5333,72.5167,41.58,44,85,8.34,overcast clouds
Awbari,LY,26.5921,12.7805,103.46,7,57,13.2,broken clouds
Bubaque,GW,11.2833,-15.8333,79.32,75,19,12.95,few clouds
Codrington,AU,-38.2667,141.9667,43.21,83,4,3.44,clear sky
Chara,RU,56.9064,118.2631,46.08,85,100,3.65,overcast clouds
Dukat,RU,62.55,155.55,27.77,98,99,5.97,overcast clouds
Saint-Francois,FR,46.4154,3.9054,71.47,37,0,10.36,clear sky
Xinmin,CN,41.9908,122.8253,57.29,76,37,6.98,scattered clouds
Ahuimanu,US,21.4447,-157.8378,74.91,74,20,9.22,few clouds
Pasni,PK,25.2631,63.471,85.57,82,0,7.94,clear sky
Lujan,AR,-34.5703,-59.105,70.03,46,96,11.74,overcast clouds
Longyearbyen,SJ,78.2186,15.6401,31.84,64,0,14.97,clear sky
Mehamn,NO,71.0357,27.8492,35.78,64,75,25.32,broken clouds
Tigre,AR,-34.426,-58.5796,70.29,40,0,18.41,clear sky
Qandala,SO,11.472,49.8728,87.93,56,67,1.74,broken clouds
Canete,CL,-37.8,-73.4,54.12,87,100,4.7,overcast clouds
Tenenkou,ML,14.4572,-4.9169,105.08,16,95,5.39,overcast clouds
Coihaique,CL,-45.5752,-72.0662,46.35,66,75,10.36,broken clouds
Doka,SD,13.5167,35.7667,93.38,28,48,10.63,scattered clouds
Bam,IR,29.106,58.357,86.79,14,0,6.98,clear sky
Jiaonan,CN,35.8786,119.9753,60.82,73,0,9.53,light rain
Aban,RU,56.67,96.06,37.35,81,70,11.61,broken clouds
Avera,US,33.194,-82.5271,91.94,37,8,13.6,clear sky
Dhidhdhoo,MV,6.8833,73.1,83.91,74,4,21.12,clear sky
Serro,BR,-18.6047,-43.3794,78.94,54,66,6.06,broken clouds
Izhma,RU,65.0083,53.9113,48.45,66,100,8.41,overcast clouds
Flin+Flon,CA,54.7682,-101.865,53.44,40,75,17.02,broken clouds
Sompeta,IN,18.9333,84.6,84.96,88,50,7.23,scattered clouds
Soledade,BR,-28.8183,-52.5103,59.54,99,100,4.94,overcast clouds
Flagstaff,US,35.1981,-111.6513,73.89,16,1,1.01,clear sky
Brookings,US,44.3114,-96.7984,52.05,70,20,8.05,few clouds
Sibolga,ID,1.7427,98.7792,76.03,91,76,2.06,broken clouds
Richards+Bay,ZA,-28.783,32.0377,69.1,84,45,10.42,scattered clouds
Manicore,BR,-5.8092,-61.3003,94.84,34,90,3.0,overcast clouds
Turukhansk,RU,65.8167,87.9833,40.95,95,100,6.93,light rain
Koumac,NC,-20.5667,164.2833,68.67,78,16,10.58,few clouds
Narsaq,GL,60.9167,-46.05,46.67,60,59,7.7,broken clouds
Port+Lincoln,AU,-34.7333,135.8667,58.1,73,100,13.6,overcast clouds
Ndola,ZM,-12.9587,28.6366,59.79,45,0,2.06,clear sky
Pulgaon,IN,20.7333,78.3333,95.16,32,100,7.38,overcast clouds
Kirakira,SB,-10.4544,161.9205,76.32,83,100,6.93,overcast clouds
Jiwani,PK,25.05,61.7417,86.9,74,0,19.44,clear sky
Erzin,TR,36.9559,36.2,77.72,87,52,5.99,broken clouds
Marawi,PH,7.9986,124.2928,71.65,95,56,0.76,broken clouds
Urusha,RU,54.05,122.9,40.62,95,81,3.44,broken clouds
Lanzhou,CN,36.0564,103.7922,65.48,46,100,7.43,overcast clouds
Yichang,CN,30.7144,111.2847,70.18,80,100,3.02,light rain
Balabac,PH,7.9868,117.0645,82.69,77,60,3.87,broken clouds
Vao,NC,-22.6667,167.4833,70.65,70,100,15.66,overcast clouds
Kloulklubed,PW,7.0419,134.2556,79.3,80,100,10.22,overcast clouds
Palaikastron,GR,35.2,26.25,69.76,72,2,9.22,clear sky
Coquimbo,CL,-29.9533,-71.3436,62.33,77,40,5.03,scattered clouds
Siderno,IT,38.2779,16.302,75.4,63,99,1.36,overcast clouds
Magaria,NE,12.9983,8.9099,98.44,5,99,8.32,overcast clouds
Guerrero+Negro,MX,27.9769,-114.0611,64.94,60,12,14.25,few clouds
Olinda,BR,-8.0089,-34.8553,73.13,88,75,15.03,broken clouds
Kinsale,IE,51.7075,-8.5306,60.17,72,75,7.94,broken clouds
Ixtapa,MX,20.7,-105.2,93.15,31,59,5.48,broken clouds
Beringovskiy,RU,63.05,179.3167,29.59,91,67,10.58,broken clouds
Menongue,AO,-14.6585,17.691,62.96,29,0,4.68,clear sky
Luganville,VU,-15.5333,167.1667,70.95,76,88,4.29,overcast clouds
Corowa,AU,-36.0333,146.3833,36.37,91,0,4.32,clear sky
Grand-Santi,GF,4.25,-54.3833,82.69,80,91,1.21,overcast clouds
Sebrovo,RU,50.0981,43.2976,67.66,61,73,7.54,broken clouds
Roma,US,43.2128,-75.4557,50.43,79,90,4.61,light rain
La+Orilla,MX,17.9833,-102.2333,87.48,48,73,8.1,broken clouds
Tessalit,ML,20.1986,1.0114,106.38,5,94,15.55,overcast clouds
Kalmunai,LK,7.4167,81.8167,82.38,74,65,3.22,broken clouds
Caramay,PH,10.1815,119.236,80.02,83,35,2.95,scattered clouds
Pacific+Grove,US,36.6177,-121.9166,69.42,91,90,1.99,overcast clouds
Ganzhou,CN,28.8184,115.4327,66.15,80,100,3.96,light rain
Ziro,IN,27.6333,93.8333,57.51,96,39,1.25,scattered clouds
Hobyo,SO,5.3505,48.5268,80.1,79,71,18.97,broken clouds
Tabou,CI,4.423,-7.3528,82.94,76,91,7.31,overcast clouds
Mormugao,IN,15.4,73.8,81.66,100,40,2.3,scattered clouds
Krivosheino,RU,57.3431,83.9261,38.7,60,71,5.19,broken clouds
Portland,US,45.5234,-122.6762,59.81,73,75,1.01,broken clouds
Tete,MZ,-16.1564,33.5867,71.04,39,0,2.04,clear sky
Vila,PT,42.0304,-8.1588,74.75,61,25,6.91,scattered clouds
Tianpeng,CN,30.9866,103.9393,73.87,68,93,4.47,light rain
Vanimo,PG,-2.6741,141.3028,77.86,88,32,2.91,scattered clouds
Sinop,TR,41.7711,34.8709,59.61,90,99,5.44,overcast clouds
Kralendijk,BQ,12.15,-68.2667,87.78,66,75,18.41,broken clouds
Ulaangom,MN,49.9811,92.0667,56.34,37,8,5.37,clear sky
Pangody,RU,65.85,74.4859,37.85,52,52,5.26,broken clouds
Hovd,MN,48.0056,91.6419,56.43,39,4,2.73,clear sky
Thouars,FR,46.976,-0.2151,73.62,56,100,5.86,overcast clouds
Canico,PT,32.6333,-16.85,75.0,79,40,6.69,scattered clouds
Ashington,GB,50.9331,-0.3909,66.51,26,0,6.35,clear sky
Dzhebariki-Khaya,RU,62.2167,135.8,46.04,71,100,3.69,overcast clouds
Gasa,PS,31.5,34.4667,79.88,72,0,7.47,clear sky
Awjilah,LY,29.1081,21.2869,97.7,13,1,10.09,clear sky
Boueni,YT,-12.9025,45.0761,78.78,68,0,6.17,clear sky
Nicoya,CR,10.1483,-85.452,87.35,48,51,3.96,broken clouds
Chicama,PE,-7.8447,-79.1469,64.94,69,67,8.93,broken clouds
Los+Llanos+De+Aridane,ES,28.6585,-17.9182,67.75,73,20,9.01,few clouds
Maceio,BR,-9.6658,-35.7353,83.64,61,75,10.42,broken clouds
Mbengwi,CM,6.0167,10.0,69.24,87,68,1.72,moderate rain
Vangaindrano,MG,-23.35,47.6,68.63,89,0,4.29,clear sky
Cidreira,BR,-30.1811,-50.2056,63.14,95,100,8.5,heavy intensity rain
Anapskaya,RU,44.89,37.38,66.43,82,20,2.89,few clouds
Ancud,CL,-41.8697,-73.8203,51.42,61,91,11.34,overcast clouds
Ukiah,US,39.1502,-123.2078,80.02,63,1,3.44,clear sky
Chingirlau,KZ,51.095,54.0814,71.94,47,91,10.11,overcast clouds
Fare,PF,-16.7,-151.0167,79.36,72,28,3.36,scattered clouds
Korla,CN,41.7597,86.1469,82.02,21,4,8.41,clear sky
Wolfsburg,DE,52.4333,10.8,61.09,71,23,8.12,few clouds
Gilbues,BR,-9.8317,-45.3439,92.66,22,11,6.22,few clouds
Zharkovskiy,RU,55.849,32.2697,60.71,68,34,5.32,scattered clouds
Luanda,AO,-8.8368,13.2343,82.4,74,0,8.05,clear sky
Zeya,RU,53.75,127.2667,45.28,95,100,4.59,overcast clouds
Ca+Mau,VN,9.1769,105.15,78.58,90,30,3.65,scattered clouds
Sarangani,PH,5.4033,125.4636,83.61,74,17,8.43,few clouds
Kassala,SD,15.451,36.4,100.81,16,54,8.16,broken clouds
Priyutnoye,RU,46.1011,43.5072,71.8,57,26,8.12,scattered clouds
Proddatur,IN,14.7333,78.55,95.77,30,16,8.9,few clouds
Santiago,CL,-33.4569,-70.6483,66.16,55,21,3.44,few clouds
Peterhead,GB,57.5058,-1.7981,56.44,88,6,9.75,clear sky
Sortland,NO,68.6949,15.4162,49.35,57,31,6.8,scattered clouds
Chulumani,BO,-16.4096,-67.5263,80.04,43,89,4.61,overcast clouds
Varia,FR,44.5725,-0.1104,82.85,49,94,7.18,overcast clouds
West+Wendover,US,40.7391,-114.0733,70.81,23,1,11.5,clear sky
Ainazi,LV,57.8636,24.3578,50.72,74,28,7.52,scattered clouds
Pevek,RU,69.7008,170.3133,35.58,75,91,4.32,overcast clouds
Mombasa,KE,-4.0547,39.6636,77.41,78,75,3.44,broken clouds
Mana,GF,5.6592,-53.7767,79.43,89,99,9.1,overcast clouds
Peleduy,RU,59.6289,112.7406,52.75,69,88,2.64,overcast clouds
Mandalgovi,MN,45.7625,106.2708,56.26,52,60,19.86,broken clouds
Ambulu,ID,-8.345,113.6058,75.65,92,74,2.42,broken clouds
Solnechnyy,RU,50.7214,136.6319,45.77,81,71,1.88,broken clouds
Biloela,AU,-24.4167,150.5,48.96,59,75,7.87,broken clouds
Acopiara,BR,-6.0953,-39.4525,89.44,41,87,5.39,overcast clouds
Broken+Hill,AU,-31.95,141.4333,46.11,76,100,12.66,overcast clouds
Klaksvik,FO,62.2266,-6.589,49.12,84,65,15.59,broken clouds
Hatillo,PR,18.4863,-66.8254,88.3,68,4,14.38,clear sky
Luau,AO,-10.7073,22.2247,66.96,40,22,4.85,few clouds
Mbandaka,CD,0.0487,18.2603,78.91,73,89,3.13,light rain
Basco,PH,20.4487,121.9702,84.88,73,91,11.74,overcast clouds
Zaysan,KZ,47.4667,84.8667,59.41,34,0,5.53,clear sky
Mugla,TR,37.2303,28.3557,63.27,56,0,4.56,clear sky
Changli,CN,39.7042,119.1506,61.41,51,64,4.81,broken clouds
Nabire,ID,-3.3667,135.4833,76.32,92,72,3.0,broken clouds
Kabinda,CD,-6.1333,24.4833,75.51,49,94,3.58,overcast clouds
Mayumba,GA,-3.432,10.6554,78.35,87,92,5.66,light rain
Williston,US,48.147,-103.618,56.57,58,93,8.01,overcast clouds
Finschhafen,PG,-6.6024,147.8681,78.1,86,100,6.89,overcast clouds
Tinskoy,RU,56.1525,96.9161,39.16,84,95,10.56,overcast clouds
Mbuji-Mayi,CD,-6.15,23.6,80.4,44,66,2.51,broken clouds
Nantucket,US,41.2835,-70.0995,62.71,51,1,14.97,clear sky
Las+Vegas,US,36.175,-115.1372,93.18,13,1,3.44,clear sky
Yei,SS,4.095,30.6779,70.48,91,75,3.65,light rain
Shaunavon,CA,49.6501,-108.4181,58.78,33,72,23.4,broken clouds
Freeport,US,40.6576,-73.5832,69.4,51,20,13.0,few clouds
Aligudarz,IR,33.4006,49.6949,67.55,21,46,2.44,scattered clouds
Kudahuvadhoo,MV,2.6708,72.8944,83.73,72,87,20.15,overcast clouds
Santana+Do+Livramento,BR,-30.8908,-55.5328,61.56,99,100,3.49,light rain
Haines+Junction,CA,60.7522,-137.5108,46.35,57,100,2.3,overcast clouds
Bridlington,GB,54.0831,-0.1919,62.01,92,89,10.92,overcast clouds
Shenjiamen,CN,29.9576,122.298,67.64,75,100,6.6,overcast clouds
Gao,ML,16.6362,1.637,106.02,11,95,12.08,overcast clouds
Rayevskiy,RU,54.0658,54.9468,64.96,69,5,4.68,clear sky
Bull+Savanna,JM,17.8868,-77.5902,83.25,62,50,7.2,light rain
Sal+Rei,CV,16.1833,-22.9167,77.2,61,40,19.57,scattered clouds
Honningsvag,NO,70.9821,25.9704,35.35,60,75,19.57,broken clouds
Gweta,BW,-20.1833,25.2333,67.64,19,0,7.38,clear sky
Iquique,CL,-20.2208,-70.1431,69.84,77,40,5.39,scattered clouds
Bara,NG,10.3744,10.7288,101.98,22,48,10.38,scattered clouds
Sapernoye,RU,60.7167,29.9505,55.2,87,94,6.71,overcast clouds
Along,IN,28.1667,94.7667,72.88,88,44,1.57,scattered clouds
Kushima,JP,31.4583,131.2333,71.11,86,100,11.45,overcast clouds
Khash,IR,28.2211,61.2158,83.08,11,0,9.66,clear sky
Dalton,US,34.7698,-84.9702,82.98,75,75,1.01,broken clouds
Havoysund,NO,70.9963,24.6622,36.48,61,99,19.04,overcast clouds
Nishihara,JP,26.1842,127.7558,77.05,94,75,11.54,light rain
Rocha,UY,-34.4833,-54.3333,68.59,62,30,9.1,scattered clouds
Namibe,AO,-15.1961,12.1522,74.68,70,0,9.33,clear sky
Camacha,PT,33.0833,-16.3333,71.53,64,20,10.36,few clouds
Chapais,CA,49.7834,-74.8492,40.78,22,1,11.74,clear sky
South+Lake+Tahoe,US,38.9332,-119.9844,68.77,43,1,5.75,clear sky
Cravo+Norte,CO,6.3017,-70.2041,83.57,69,57,5.03,broken clouds
Kasongo-Lunda,CD,-6.4667,16.8167,77.41,48,30,2.42,scattered clouds
Oulainen,FI,64.2667,24.8,50.81,47,13,8.37,few clouds
Ambovombe,MG,-25.1667,46.0833,67.96,82,0,7.49,clear sky
Kundiawa,PG,-6.0167,144.9667,63.48,99,95,1.23,overcast clouds
Batagay-Alyta,RU,67.8006,130.4114,39.83,87,8,7.54,clear sky
Dong+Hoi,VN,17.4833,106.6,80.83,85,86,6.24,overcast clouds
Torbay,CA,47.6666,-52.7314,53.89,53,40,21.85,scattered clouds
Majene,ID,-3.5403,118.9707,78.42,89,14,9.8,few clouds
Ambon,ID,-3.6954,128.1814,77.14,94,40,9.73,light rain
Digby,CA,44.6169,-65.7655,54.55,44,85,9.35,overcast clouds
Beyla,GN,8.6833,-8.6333,76.26,83,92,3.67,moderate rain
Aden,YE,12.7794,45.0367,89.13,60,100,6.71,overcast clouds
Amazar,RU,53.858,120.875,44.74,95,100,3.91,overcast clouds
Shakhtinsk,KZ,49.71,72.5872,52.36,39,0,14.81,clear sky
Balikpapan,ID,-1.2675,116.8289,77.13,88,54,1.23,broken clouds
Araouane,ML,18.9048,-3.5265,108.97,7,28,21.45,scattered clouds
Egvekinot,RU,66.3167,-179.1667,28.49,75,34,9.73,scattered clouds
Teya,RU,60.3778,92.6267,34.95,97,100,9.06,light rain
Bonthe,SL,7.5264,-12.505,84.9,70,88,8.99,light rain
Bolshaya+Rechka,RU,51.9503,104.7355,44.87,93,79,1.43,moderate rain
Porto+Novo,BJ,6.4965,2.6036,87.62,71,85,10.54,overcast clouds
Kenai,US,60.5544,-151.2583,48.02,93,90,8.05,light rain
Hervey+Bay,AU,-25.2986,152.8535,55.51,64,39,13.56,scattered clouds
Broome,US,42.2506,-75.833,57.0,80,90,8.88,light rain
Srandakan,ID,-7.9386,110.2506,62.73,92,39,4.47,scattered clouds
Paragominas,BR,-2.9667,-47.4833,90.73,44,6,2.57,clear sky
Okhotsk,RU,59.3833,143.3,35.28,88,99,11.12,overcast clouds
Uruzgan,AF,32.8333,66.0,74.8,16,1,0.13,clear sky
Mareeba,AU,-17.0,145.4333,63.32,97,11,2.59,few clouds
Praxedis+Guerrero,MX,31.3667,-106.0167,88.29,8,0,8.88,clear sky
Koungou,YT,-12.7336,45.2042,78.51,69,0,5.97,clear sky
Bartica,GY,6.4,-58.6167,79.12,94,94,2.15,light rain
Atar,MR,20.5169,-13.0499,104.5,13,76,10.89,broken clouds
Price,US,39.5994,-110.8107,76.12,15,1,8.05,clear sky
Marsh+Harbour,BS,26.5412,-77.0636,78.19,72,57,9.55,broken clouds
Lubumbashi,CD,-11.6609,27.4794,60.1,44,0,1.45,clear sky
Newberry,US,34.2746,-81.6187,88.52,65,14,14.05,few clouds
Sinnamary,GF,5.3833,-52.95,79.5,89,80,9.69,broken clouds
Tuy+Hoa,VN,13.0833,109.3,79.68,89,100,6.17,overcast clouds
Trofors,NO,65.5333,13.4063,47.77,42,69,5.73,broken clouds
Mvangue,CM,2.9667,11.5167,72.36,95,88,2.59,light rain
Fairbanks,US,64.8378,-147.7164,43.21,55,1,14.97,clear sky
Tadine,NC,-21.55,167.8833,69.22,75,18,11.05,few clouds
Westport,US,41.1415,-73.3579,68.45,49,1,1.01,clear sky
Torbat-E+Jam,IR,35.244,60.6225,80.94,23,0,13.35,clear sky
Lerwick,GB,60.1545,-1.1494,50.0,77,90,7.25,overcast clouds
Kushiro,JP,42.975,144.3747,45.39,96,100,6.93,overcast clouds
Rio+Grande,BR,-32.035,-52.0986,62.94,87,100,9.6,moderate rain
Rengo,CL,-34.4167,-70.8667,61.12,55,52,3.8,broken clouds
Hualmay,PE,-11.0964,-77.6139,70.86,75,44,9.13,scattered clouds
Debre+Birhan,ET,9.6833,39.5333,54.01,42,27,5.35,scattered clouds
Charters+Towers,AU,-20.1,146.2667,53.65,32,1,9.55,clear sky
Pochutla,MX,15.7432,-96.4661,92.82,46,93,6.64,overcast clouds
Umm+Kaddadah,SD,13.6017,26.6876,97.57,8,29,13.18,scattered clouds
Havelock,US,34.8791,-76.9013,95.05,69,1,7.0,clear sky
Pailon,BO,-17.65,-62.75,85.1,42,100,18.9,overcast clouds
Witu,KE,-2.3889,40.4382,77.49,76,13,12.57,few clouds
Sioux+Lookout,CA,50.1001,-91.917,53.67,35,1,5.75,clear sky
Kirkwall,GB,58.9848,-2.9587,50.34,81,75,6.91,broken clouds
Poum,NC,-20.2333,164.0167,72.5,71,4,18.81,clear sky
Cordoba,AR,-31.4135,-64.1811,75.42,38,0,10.0,clear sky
Salina,US,38.8403,-97.6114,59.85,71,90,11.5,overcast clouds
Bamiantong,CN,44.9333,130.5333,46.31,95,86,1.7,overcast clouds
Ivankiv,UA,50.9386,29.8943,66.43,86,100,5.32,overcast clouds
Bang+Krathum,TH,16.5783,100.3003,80.82,84,82,5.46,light rain
Cururupu,BR,-1.8283,-44.8683,86.0,60,31,5.79,light rain
Oriximina,BR,-1.7656,-55.8661,84.99,69,22,3.96,few clouds
Biak,ID,-0.9131,122.8766,76.77,85,35,6.96,scattered clouds
Lodja,CD,-3.4833,23.4333,81.41,53,99,2.28,overcast clouds
Meridian,US,43.6121,-116.3915,62.35,44,1,4.0,clear sky
Airai,TL,-8.9266,125.4092,58.26,95,61,3.74,broken clouds
Ucluelet,CA,48.9329,-125.5528,57.09,82,91,3.0,overcast clouds
Antalaha,MG,-14.9003,50.2788,72.61,86,1,8.63,clear sky
Jaisalmer,IN,26.9147,70.9181,99.19,24,0,17.56,clear sky
Kulykiv,UA,50.3142,24.8176,55.67,87,100,4.43,overcast clouds
Dunedin,NZ,-45.8742,170.5036,48.79,84,100,7.0,overcast clouds
Twin+Falls,US,42.3505,-114.6445,58.89,44,1,11.74,clear sky
Wanning,CN,18.8003,110.3967,81.95,84,100,10.16,overcast clouds
Miri,MY,4.4148,114.0089,78.94,94,40,2.84,scattered clouds
Butembo,CD,0.15,29.2833,59.27,98,98,3.18,moderate rain
Sidi+Ali,DZ,36.0998,0.4206,67.17,72,6,8.43,clear sky
Corinto,GR,37.9407,22.9573,79.75,53,2,6.46,clear sky
Boundiali,CI,9.5217,-6.4869,80.65,65,65,8.81,light rain
Lasa,IT,46.6166,10.7002,72.48,69,73,3.85,broken clouds
Tres+Arroyos,AR,-38.3739,-60.2798,60.62,45,0,21.56,clear sky
Starogard+Gdanski,PL,53.964,18.5264,54.9,100,81,5.79,broken clouds
Baglung,NP,28.2719,83.5898,66.63,96,100,3.87,overcast clouds
Lulea,SE,65.5842,22.1547,50.07,46,0,8.05,clear sky
Vadso,NO,70.0744,29.7487,36.48,69,75,19.57,light rain
Jahazpur,IN,25.6167,75.2833,98.02,25,35,14.09,scattered clouds
Nioro,GM,13.35,-15.75,103.33,14,4,5.44,clear sky
Igurusi,TZ,-8.85,33.85,66.54,72,42,3.13,scattered clouds
Marzuq,YE,14.4,46.4667,83.84,34,64,8.48,broken clouds
Bontang,ID,0.1333,117.5,82.44,79,69,6.87,broken clouds
Imbituba,BR,-28.24,-48.6703,67.89,92,98,7.63,light rain
Walcz,PL,53.2779,16.4712,54.1,63,85,11.25,overcast clouds
Port+Keats,AU,-14.25,129.55,67.51,44,96,9.04,overcast clouds
Astaneh-Ye+Ashrafiyeh,IR,37.2596,49.9444,68.85,89,0,1.95,clear sky
Mantua,IT,45.1667,10.7833,76.15,47,30,10.16,scattered clouds
Jega,NG,12.2175,4.3792,102.94,15,97,10.13,overcast clouds
Diapaga,BF,12.0708,1.7889,103.87,13,50,12.88,scattered clouds
Amapa,BR,1.0,-52.0,71.69,99,100,0.92,overcast clouds
Vanderhoof,CA,54.0166,-124.0198,51.1,56,55,14.25,broken clouds
Paignton,GB,50.4357,-3.5679,63.05,54,100,1.99,overcast clouds
Half+Moon+Bay,US,37.4636,-122.4286,70.12,75,90,3.44,overcast clouds
Damghan,IR,36.1683,54.348,80.82,21,0,3.44,clear sky
Marsabit,KE,2.3284,37.9899,71.35,48,45,12.66,scattered clouds
Prince+Rupert,CA,54.3161,-130.3201,46.49,87,90,5.75,light rain
Hansi,IN,29.1,75.9667,98.6,14,0,3.85,clear sky
Kaniama,CD,-7.5667,24.1833,75.45,41,49,1.7,scattered clouds
Darab,IR,28.7519,54.5444,90.48,10,64,4.18,broken clouds
Annau,TM,37.8876,58.516,89.1,27,75,5.14,broken clouds
Lewiston,US,44.1003,-70.2148,60.04,38,1,10.36,clear sky
Yar-Sale,RU,66.8333,70.8333,41.58,44,47,6.46,scattered clouds
Saldanha,ZA,-33.0117,17.9442,59.05,94,13,5.61,light rain
Padang,ID,-0.9492,100.3543,77.54,89,85,2.24,overcast clouds
Sabang,ID,5.8933,95.3214,81.86,79,99,22.59,overcast clouds
Tres+Coracoes,BR,-21.6969,-45.2533,81.05,44,49,6.91,scattered clouds
Adelaide,AU,-34.9333,138.6,49.59,86,0,5.75,clear sky
Shingu,JP,33.7333,135.9833,68.92,90,100,8.19,overcast clouds
Qasigiannguit,GL,68.8193,-51.1922,43.39,60,6,2.75,clear sky
Baryatino,RU,54.3121,34.521,60.37,84,63,2.21,broken clouds
Ahipara,NZ,-35.1667,173.1667,57.49,91,81,18.75,moderate rain
Teopantlan,MX,18.7167,-98.2667,81.48,42,78,5.88,broken clouds
Kiunga,PG,-6.1219,141.2906,73.0,98,97,2.62,overcast clouds
Sutesti,RO,45.2167,27.4333,65.55,67,100,3.47,overcast clouds
Asgabat,TM,37.95,58.3833,89.46,27,75,4.61,broken clouds
Jeremie,HT,18.65,-74.1167,82.53,71,24,5.44,few clouds
Lander,US,42.833,-108.7307,66.81,47,1,0.0,clear sky
Orlik,RU,52.5178,99.825,40.86,85,76,5.41,broken clouds
Jiuquan,CN,39.7432,98.5174,74.64,13,73,16.53,broken clouds
Mbekenyera,TZ,-10.0,38.9833,67.87,77,4,5.01,clear sky
Grammichele,IT,37.2123,14.6397,72.1,40,32,1.01,scattered clouds
Bilma,NE,18.6853,12.9164,100.4,5,5,5.59,clear sky
Rawson,AR,-43.3002,-65.1023,46.8,44,100,25.01,overcast clouds
Edd,ER,13.9297,41.6925,97.65,30,86,22.03,overcast clouds
Bani,DO,18.2833,-70.3333,87.24,49,1,14.25,clear sky
Unai,BR,-16.3575,-46.9061,89.58,34,51,8.88,broken clouds
Tual,ID,-5.6667,132.75,81.32,79,27,17.34,scattered clouds
Standerton,ZA,-26.9337,29.2415,58.6,31,0,4.59,clear sky
Vyartsilya,RU,62.1764,30.693,50.18,77,66,8.9,broken clouds
Middelburg,ZA,-25.7751,29.4648,58.05,24,21,5.84,few clouds
Itarema,BR,-2.9248,-39.9167,86.45,58,12,14.05,few clouds
Buraydah,SA,26.326,43.975,100.85,14,69,8.1,broken clouds
Saurimo,AO,-9.6608,20.3916,69.01,41,19,4.27,few clouds
Sakaiminato,JP,35.55,133.2333,58.98,94,75,5.75,broken clouds
Moerai,PF,-22.4333,-151.3333,78.01,83,86,15.43,overcast clouds
Loharu,IN,28.45,75.8167,99.57,17,7,8.1,clear sky
Kyra,RU,49.5776,111.9753,44.1,49,0,2.75,clear sky
Russkaya+Polyana,UA,49.417,31.9201,64.72,85,55,7.72,broken clouds
Khandyga,RU,62.6667,135.6,46.9,57,82,3.2,broken clouds
Chestermere,CA,51.0334,-113.8187,58.39,37,75,11.72,broken clouds
Belyy+Yar,RU,53.6039,91.3903,46.29,61,0,4.38,clear sky
Itacoatiara,BR,-3.1431,-58.4442,90.27,50,44,4.16,scattered clouds
Lazaro+Cardenas,MX,17.9583,-102.2,87.46,49,71,7.67,broken clouds
Constitucion,CL,-35.3333,-72.4167,58.71,62,47,3.06,scattered clouds
Helong,CN,42.5397,128.9972,45.01,93,78,1.79,broken clouds
Kargil,IN,34.5667,76.1,46.65,33,4,6.17,clear sky
Dvurechensk,RU,56.5982,61.0953,61.18,50,7,4.63,clear sky
Port+Moresby,PG,-9.4431,147.1797,74.62,78,40,11.5,scattered clouds
Yerbogachen,RU,61.2767,108.0108,49.82,65,74,7.67,broken clouds
Houma,US,29.5958,-90.7195,89.01,65,56,3.0,broken clouds
